time,area_1,area_2,area_3,area_4,area_5,area_6,area_7
0,0,0,0,0,0,0,0
1,0.015285379965829,8.9941886805934e-05,8.9941886805934e-05,0.0064,0.0064,0.0064,0.0064
