time,k,k_std_dev,max_tally_rel_err
0,0,0,0
0.5,0.24738334475412,0.0032413407319957,0.04384165112829
