time,k,k_std_dev,max_tally_rel_err
0,0,0,0
0.5,0.2481419481052,0.0028332223175455,0.047053473144978
