time,k,k_std_dev,max_tally_rel_err
0,0,0,0
0.5,0.24484871719829,0.0030298690436078,0.050045006530896
