time,k,k_std_dev,max_tally_rel_err
0,0,0,0
0.5,0.24184497686268,0.0027284803184735,0.049114908680523
