time,k,k_std_dev,max_tally_rel_err
0,0,0,0
0.5,0.24044385606571,0.0027545504284393,0.042984914664533
