time,k,k_std_dev,max_tally_rel_err
0,0,0,0
0.5,0.24879954214415,0.0032681926455245,0.044102306998414
