time,k,k_std_dev,max_tally_rel_err
0,0,0,0
0.5,0.24953447787758,0.0033802150443676,0.049675286787609
