time,flux_integral,max_pebble_T,min_pebble_T,volume
0,0,0,0,0
0.0006134,2134.4298075525,532.72760551025,523,0.0070856041702862
