time,area_walls,volume_fuel
0,0,0
1,0.080483429170927,0.00040536598327801
