time,heat_source,max_power,max_tally_rel_err,min_power
0,0,0,0,0
1,30000,144783277.77096,0.50424796981114,4772485.4588111
2,30000,125585846.19258,0.38802872268604,4252880.1306158
