time,heat_source,max_power,max_tally_rel_err,min_power
0,0,0,0,0
1,30000,131800004.75172,0.51646909701741,3929762.7884241
2,30000,136370680.12593,0.44764146317613,6812845.5049699
