time,heat_source,max_power,max_tally_rel_err,min_power
0,0,0,0,0
1,30000,113986539.00004,0.009771691450041,10365644.842565
2,30000,112569231.38248,0.0093312729848486,10534379.594267
