time,max_block_T,max_fuel_T,power
0,0,0,0
1,1460.3106523246,1481.7879364519,30000
2,1460.2151715597,1480.7521744048,30000
