time,max_block_T,max_fuel_T,power
0,0,0,0
1,1468.9225868453,1599.7260713235,30000
2,1478.115641415,1650.8670365351,30000
