time,heat_source,max_power,max_tally_rel_err,min_power
0,0,0,0,0
1,30000,144783277.77097,0.50424796981114,4772485.4588111
2,30000,146453519.93437,0.59914271182459,6103791.9263151
