time,max_block_T,max_fuel_T,power
0,0,0,0
1,1463.2901089829,1493.0110836009,30000
2,1480.8694582812,1511.3267087567,30000
