time,max_block_T,max_fuel_T,power
0,0,0,0
1,1458.0989358057,1613.0244053732,30000
2,1490.9928470397,1651.516576106,30000
