time,heat_source,max_heat_source,max_tally_rel_err
0,0,0,0
1,38024.259477547,402.30624220941,0.35041452712102
