time,heat_source,max_heat_source,max_tally_rel_err
0,0,0,0
1,38024.259477547,451.13545254973,0.41629902396264
