time,heat_source,k
0,0,0
1,1000,0.97424993776187
2,1000,0.9746071850809
3,1000,0.96008195204866
