time,heat_source,k
0,0,0
1,1000,0.97220389226816
2,1000,0.95537112995907
3,1000,0.97016893703229
