time,area_bot,area_clad,area_top
0,0,0,0
1,0.0035042699565528,0.41985245342935,0.0035042699565528
