time,flux_integral,max_block_T,max_fuel_T,power
0,0,0,0,0
1,15929599.012005,308.17521665532,429.62641392206,0
