time,flux_integral,max_block_T,max_fuel_T,power
0,0,0,0,0
1,15926146.633627,858.32505071596,882.7946824122,0
