time,max_T
0,0
0.3,628.15035531243
0.6,628.15070350486
0.9,628.15105160116
1.2,628.15116763937
1.5,628.15116763937
