time,area_bot,area_duct,area_pin,area_top
0,0,0,0,0
1,15.311293515801,950.84782886429,1698.3611263291,15.311293515801
