time,area_bot,area_duct,area_pin,area_top
0,0,0,0,0
1,15.65705420372,992.56142911455,1698.3611263291,15.65705420372
