time,area_bot,area_duct,area_pin,area_top
0,0,0,0,0
1,0.00056027112584268,0.034553201175434,0.06050276797754,0.00056027112584268
