time,avg_rel_err,k,k_std_dev,max_rel_err,min_rel_err,source_integral
1,0.0070844272481196,1.3081346590533,0.0019133466956108,0.015019757566154,0.0037632020568022,33916.700583367
