time,avg_rel_err,k,k_std_dev,max_rel_err,min_rel_err,source_integral
1,0.0070867447102367,1.3038249829107,0.0019449611613055,0.015128278814335,0.0037416276612133,33916.700583367
