time,area_ducts,area_inlet,area_outlet,area_vessel
0,0,0,0,0
1,0.77408482138113,0.29216943266036,0.29216943266036,0.47941616443683
