time,heat_source,k,max_tally_rel_err
0,0,0,0
1,1500,0.73858984798163,1
2,1500,0.7263651694702,1
3,1500,0.73284142521846,0.91594348391943
