time,heat_source,k,max_tally_rel_err
0,0,0,0
1,1500,0.74036167529158,0.025911121662288
2,1500,0.71572170941249,0.025766219576032
3,1500,0.72486487269316,0.018513898602719
