time,heat_source,k,max_tally_rel_err
0,0,0,0
1,1500,0.72628679188521,0.90366172621545
2,1500,0.72832198020184,0.82293914547359
3,1500,0.72464512808634,0.88961909310021
