time,heat_source,k,max_tally_rel_err
0,0,0,0
1,1500,0.73858936635738,1
2,1500,0.73152437729912,0.94278380834131
3,1500,0.73049207900605,1
