time,heat_source,k,max_tally_rel_err
0,0,0,0
1,1500,0.71996633228935,1
2,1500,0.6894519827456,1
3,1500,0.76210981174516,0.91109932972182
