time,heat_source,k,max_tally_rel_err
0,0,0,0
1,1500,0.74518506088746,0.031416920688982
2,1500,0.73550180760843,0.02320631732174
3,1500,0.73102768942868,0.021685601265766
