time,heat_source,k,k_std_dev,max_power,max_tally_err,min_power
0,0,0,0,0,0,0
0.001183759967172,38926.939972712,1.256934273882,0.026508050256795,197456803.1922,0.48575983513176,5766794.1647246
