time,flux_integral,heat_source,k,k_std_dev,max_power,max_tally_err,min_power
0,0,38926.939972711,0,0,0,0,0
1,37458.718043088,38926.939972712,1.2309527278353,0.014166337746619,181766632.90994,0.5414260608005,4728565.0605697
2,37458.718031822,38926.939972712,1.2401826060322,0.033088020789608,167599363.47425,0.47708506906755,5240674.0807571
