time,expect_max_T,k_from_stm,max_temp
0,0,0,0
10,711.74183615552,4.7227322580952,714.72925877252
20,711.74183615552,4.7227322580952,712.01697970227
30,711.74183615552,4.7227322580952,711.76717757009
40,711.74183615552,4.7227322580952,711.74417019419
