time,expect_max_T,k_from_stm,max_temp
0,0,0,0
10,749.69904529489,4.0048210789873,740.90566954299
20,749.69904529489,4.0048210789873,748.51824342703
30,749.69904529489,4.0048210789873,749.5404748619
40,749.69904529489,4.0048210789873,749.6777511168
