time,expect_max_T,k_from_stm,max_temp
0,0,0,0
10,671.79354012711,5.820940643403,664.07697416614
20,671.79354012711,5.820940643403,671.40311604544
30,671.79354012711,5.820940643403,671.77378841643
40,671.79354012711,5.820940643403,671.79254091593
