time,expect_max_T,k_from_stm,max_temp
0,0,0,0
10,653.84615384615,6.5,649.01002541253
20,653.84615384615,6.5,653.68042907805
30,653.84615384615,6.5,653.84047640107
40,653.84615384615,6.5,653.84595936107
