time,max_T
0,0
5,292.63924428501
10,387.52409853497
