time,max_V
0,0
1,0.0026177120862312
2,0.0025585164171889
